video_id,title,channel,published_at
65CASowfnKs,AI Tutorial for Beginners 2026: How To Use AI &amp; Build ANYTHING,Mikey No Code,2026-03-11 14:05:19+00:00
Yq0QkCxoTHM,Google’s AI Course for Beginners (in 10 minutes)!,Jeff Su,2023-11-14 13:00:33+00:00
0Tch0N5nsRU,You’re not behind (yet): How to learn AI in 18 minutes,Dan Martell,2026-03-05 14:00:01+00:00
9c7zh2MkslY,You’re Not Behind (Yet): How to Learn AI in 29 Minutes,Futurepedia,2025-07-31 18:50:11+00:00
yHk7Vavmc7Q,AI Tools EXPLAINED:  How to Use Them? (2025 Guide for Beginners),AI Master,2024-12-12 14:01:02+00:00
IloPVzuhDaI,How To Create A Free App From Scratch (AI Tutorial + No Code),Mikey No Code,2026-02-06 14:35:24+00:00
LRhOzoxHlJo,Python AI And Generative AI Course For Beginners #ai #python #tutorial #course #study #learning,WebKnower,2025-09-08 08:45:12+00:00
nVyD6THcvDQ,99% of Beginners Don&#39;t Know the Basics of AI,Jeff Su,2024-09-03 13:00:49+00:00
Dem3ZSQ6RVM,Google AI Studio - Full Tutorial 2026: How To Build an App,Mikey No Code,2026-02-11 15:25:04+00:00
ibFJ--CH3cQ,You’re Not Behind (Yet): How to Build AI Agents in 2026 (no coding),Futurepedia,2026-02-21 00:50:43+00:00
JMUxmLyrhSk,Artificial Intelligence Full Course | Artificial Intelligence Tutorial for Beginners | Edureka,edureka!,2019-06-02 08:53:49+00:00
LGCZ-Fhm48c,AI Full Course 2025 | AI Tutorial for Beginners | Artificial Intelligence Course | Simplilearn,Simplilearn,2025-10-30 21:59:10+00:00
EWFFaKxsz_s,You’re Not Behind (Yet): How to Learn AI in 17 Minutes,theMITmonk,2025-11-10 14:00:33+00:00
c1soYpYzWfA,7 AI tools you NEED to try!,Kevin Stratvert,2025-03-18 17:50:20+00:00
ygeCgN-SfE8,"how i make $36,438/mo posting YouTube Shorts (using AI)",Kellan Henneberry,2025-10-29 18:15:06+00:00
vcvRVlc_VFg,Build a Whatsapp AI Agent for appointment handling (n8n Tutorial) #n8n #aiautomation,Ed Hill | AI Automation,2025-06-04 09:38:14+00:00
hLJTcVHW8_I,AI Agents Explained: A Comprehensive Guide for Beginners,AI Alfie ,2024-04-29 23:55:25+00:00
1MSVWUiNmxs,The fastest way to build a beautiful website with AI (bolt.new tutorial),Moritz | AI Builder,2024-10-14 15:00:20+00:00
BnquzIGVuKc,How to Make Cartoon Videos with AI (Full Tutorial),Roboverse,2025-11-05 15:00:31+00:00
sVcwVQRHIc8,Learn RAG From Scratch – Python AI Tutorial from a LangChain Engineer,freeCodeCamp.org,2024-04-17 13:54:43+00:00
